Workbook

Sheet 澳门正确率最高三个时辰
A1: 374 | D1: 0.52254642 | G1: 0.45888594 | J1: 0.46153846 | N1: =(COUNTIF(N3:N379,"=0")+COUNTIF(N3:N379,"=2"))/(379-2+1) -> 0.56084656
A2: 日期 | B2: 正确数串 | C2: 子时数串 | D2: 子时误差 | E2: 正确数串 | F2: 午时数串 | G2: 午时误差 | H2: 正确数串 | I2: 酉时数串 | J2: 酉时误差 | L2: 正确数串 | M2: 综合数串 | N2: 综合误差 | P2: a | Q2: b | R2: 干支历 | S2: SG双干
A3: 2023-01-01 | B3: 1 | C3: 0 | D3: 1 | E3: 1 | F3: 0 | G3: 1 | H3: 1 | I3: 0 | J3: 1 | K3: =C3-P$3*F3-Q$3*I3 -> 0 | L3: 1 | M3: =IF(K3<0,0,1) -> 1 | N3: =L3+M3 -> 2 | P3: 1 | Q3: 1 | R3: 壬寅年，壬子月，己未日 | S3: 己
A4: 2023-01-02 | B4: 0 | C4: 1 | D4: 1 | E4: 0 | F4: 1 | G4: 1 | H4: 0 | I4: 0 | J4: 0 | K4: =C4-P$3*F4-Q$3*I4 -> 0 | L4: 0 | M4: =IF(K4<0,0,1) -> 1 | N4: =L4+M4 -> 1 | R4: 壬寅年，壬子月，庚申日 | S4: 庚
A5: 2023-01-03 | B5: 0 | C5: 0 | D5: 0 | E5: 0 | F5: 0 | G5: 0 | H5: 0 | I5: 0 | J5: 0 | K5: =C5-P$3*F5-Q$3*I5 -> 0 | L5: 0 | M5: =IF(K5<0,0,1) -> 1 | N5: =L5+M5 -> 1 | R5: 壬寅年，壬子月，辛酉日 | S5: 辛
A6: 2023-01-04 | B6: 1 | C6: 1 | D6: 2 | E6: 1 | F6: 0 | G6: 1 | H6: 1 | I6: 1 | J6: 2 | K6: =C6-P$3*F6-Q$3*I6 -> 0 | L6: 1 | M6: =IF(K6<0,0,1) -> 1 | N6: =L6+M6 -> 2 | R6: 壬寅年，壬子月，壬戌日 | S6: 壬
A7: 2023-01-05 | B7: 1 | C7: 0 | D7: 1 | E7: 1 | F7: 1 | G7: 2 | H7: 1 | I7: 1 | J7: 2 | K7: =C7-P$3*F7-Q$3*I7 -> -2 | L7: 1 | M7: =IF(K7<0,0,1) -> 0 | N7: =L7+M7 -> 1 | R7: 壬寅年，癸丑月，癸亥日 | S7: 癸
A8: 2023-01-06 | B8: 1 | C8: 0 | D8: 1 | E8: 1 | F8: 0 | G8: 1 | H8: 1 | I8: 0 | J8: 1 | K8: =C8-P$3*F8-Q$3*I8 -> 0 | L8: 1 | M8: =IF(K8<0,0,1) -> 1 | N8: =L8+M8 -> 2 | R8: 壬寅年，癸丑月，甲子日 | S8: 戊
A9: 2023-01-07 | B9: 1 | C9: 1 | D9: 2 | E9: 1 | F9: 0 | G9: 1 | H9: 1 | I9: 1 | J9: 2 | K9: =C9-P$3*F9-Q$3*I9 -> 0 | L9: 1 | M9: =IF(K9<0,0,1) -> 1 | N9: =L9+M9 -> 2 | R9: 壬寅年，癸丑月，乙丑日 | S9: 乙
A10: 2023-01-08 | B10: 1 | C10: 1 | D10: 2 | E10: 1 | F10: 0 | G10: 1 | H10: 1 | I10: 0 | J10: 1 | K10: =C10-P$3*F10-Q$3*I10 -> 1 | L10: 1 | M10: =IF(K10<0,0,1) -> 1 | N10: =L10+M10 -> 2 | R10: 壬寅年，癸丑月，丙寅日 | S10: 丙
A11: 2023-01-09 | B11: 0 | C11: 1 | D11: 1 | E11: 0 | F11: 0 | G11: 0 | H11: 0 | I11: 0 | J11: 0 | K11: =C11-P$3*F11-Q$3*I11 -> 1 | L11: 0 | M11: =IF(K11<0,0,1) -> 1 | N11: =L11+M11 -> 1 | R11: 壬寅年，癸丑月，丁卯日 | S11: 丁
A12: 2023-01-10 | B12: 0 | C12: 0 | D12: 0 | E12: 0 | F12: 1 | G12: 1 | H12: 0 | I12: 0 | J12: 0 | K12: =C12-P$3*F12-Q$3*I12 -> -1 | L12: 0 | M12: =IF(K12<0,0,1) -> 0 | N12: =L12+M12 -> 0 | R12: 壬寅年，癸丑月，戊辰日 | S12: 戊
A13: 2023-01-11 | B13: 0 | C13: 0 | D13: 0 | E13: 0 | F13: 0 | G13: 0 | H13: 0 | I13: 0 | J13: 0 | K13: =C13-P$3*F13-Q$3*I13 -> 0 | L13: 0 | M13: =IF(K13<0,0,1) -> 1 | N13: =L13+M13 -> 1 | R13: 壬寅年，癸丑月，己巳日 | S13: 己
A14: 2023-01-12 | B14: 1 | C14: 0 | D14: 1 | E14: 1 | F14: 0 | G14: 1 | H14: 1 | I14: 0 | J14: 1 | K14: =C14-P$3*F14-Q$3*I14 -> 0 | L14: 1 | M14: =IF(K14<0,0,1) -> 1 | N14: =L14+M14 -> 2 | R14: 壬寅年，癸丑月，庚午日 | S14: 庚
A15: 2023-01-13 | B15: 0 | C15: 0 | D15: 0 | E15: 0 | F15: 0 | G15: 0 | H15: 0 | I15: 0 | J15: 0 | K15: =C15-P$3*F15-Q$3*I15 -> 0 | L15: 0 | M15: =IF(K15<0,0,1) -> 1 | N15: =L15+M15 -> 1 | R15: 壬寅年，癸丑月，辛未日 | S15: 辛
... A379: 2024-01-12 | B379: 1 | C379: 0 | D379: 1 | E379: 1 | F379: 0 | G379: 1 | H379: 1 | I379: 0 | J379: 1 | K379: =C379-P$3*F379-Q$3*I379 -> 0 | L379: 1 | M379: =IF(K379<0,0,1) -> 1 | N379: =L379+M379 -> 2 | R379: 癸卯年，乙丑月，乙亥日 | S379: 乙

Sheet 香港正确率最高三个时辰
A1: 149 | D1: 0.56666667 | G1: 0.54 | J1: 0.55333333
A2: 日期 | B2: 正确数串 | C2: 子时数串 | D2: 子时误差 | E2: 正确数串 | F2: 丑时数串 | G2: 丑时误差 | H2: 正确数串 | I2: 未时数串 | J2: 未时误差 | K2: 干支历 | L2: SG双干
A3: 2023-01-03 | B3: 1 | C3: 0 | D3: 1 | E3: 1 | F3: 1 | G3: 2 | H3: 1 | I3: 1 | J3: 2 | K3: 壬寅年，壬子月，辛酉日 | L3: 辛
A4: 2023-01-05 | B4: 0 | C4: 0 | D4: 0 | E4: 0 | F4: 0 | G4: 0 | H4: 0 | I4: 1 | J4: 1 | K4: 壬寅年，癸丑月，癸亥日 | L4: 癸
A5: 2023-01-07 | B5: 1 | C5: 1 | D5: 2 | E5: 1 | F5: 1 | G5: 2 | H5: 1 | I5: 1 | J5: 2 | K5: 壬寅年，癸丑月，乙丑日 | L5: 乙
A6: 2023-01-10 | B6: 1 | C6: 0 | D6: 1 | E6: 1 | F6: 0 | G6: 1 | H6: 1 | I6: 1 | J6: 2 | K6: 壬寅年，癸丑月，戊辰日 | L6: 戊
A7: 2023-01-12 | B7: 0 | C7: 0 | D7: 0 | E7: 0 | F7: 1 | G7: 1 | H7: 0 | I7: 0 | J7: 0 | K7: 壬寅年，癸丑月，庚午日 | L7: 庚
A8: 2023-01-14 | B8: 1 | C8: 0 | D8: 1 | E8: 1 | F8: 0 | G8: 1 | H8: 1 | I8: 1 | J8: 2 | K8: 壬寅年，癸丑月，壬申日 | L8: 壬
A9: 2023-01-17 | B9: 0 | C9: 0 | D9: 0 | E9: 0 | F9: 1 | G9: 1 | H9: 0 | I9: 0 | J9: 0 | K9: 壬寅年，癸丑月，乙亥日 | L9: 乙
A10: 2023-01-19 | B10: 1 | C10: 1 | D10: 2 | E10: 1 | F10: 0 | G10: 1 | H10: 1 | I10: 1 | J10: 2 | K10: 壬寅年，癸丑月，丁丑日 | L10: 丁
A11: 2023-01-26 | B11: 1 | C11: 0 | D11: 1 | E11: 1 | F11: 1 | G11: 2 | H11: 1 | I11: 0 | J11: 1 | K11: 壬寅年，癸丑月，甲申日 | L11: 庚
A12: 2023-01-28 | B12: 0 | C12: 0 | D12: 0 | E12: 0 | F12: 0 | G12: 0 | H12: 0 | I12: 1 | J12: 1 | K12: 壬寅年，癸丑月，丙戌日 | L12: 丙
A13: 2023-02-02 | B13: 0 | C13: 0 | D13: 0 | E13: 0 | F13: 0 | G13: 0 | H13: 0 | I13: 1 | J13: 1 | K13: 壬寅年，癸丑月，辛卯日 | L13: 辛
A14: 2023-02-04 | B14: 0 | C14: 1 | D14: 1 | E14: 0 | F14: 0 | G14: 0 | H14: 0 | I14: 0 | J14: 0 | K14: 癸卯年，甲寅月，癸巳日 | L14: 癸
... A152: 2024-01-11 | B152: 0 | C152: 0 | D152: 0 | E152: 0 | F152: 0 | G152: 0 | H152: 0 | I152: 1 | J152: 1 | K152: 癸卯年，乙丑月，甲戌日 | L152: 己

Sheet 澳门新定位结果
A1: 日期 | B1: 双支 | C1: 双干 | D1: 子时 | E1: 丑时 | F1: 寅时 | G1: 卯时 | H1: 辰时 | I1: 巳时 | J1: 午时 | K1: 未时 | L1: 申时 | M1: 酉时 | N1: 戌时 | O1: 亥时 | P1: 数串 | Q1: 干支历 | R1: SG双干
A2: 2023-01-01 | B2: -1.5 | C2: -1 | D2: -3 | E2: 4 | F2: 5 | G2: -2 | H2: 0 | I2: -1 | J2: 0 | K2: -1.5 | L2: 1 | M2: -3 | N2: -1 | O2: 0 | P2: 1 | Q2: 壬寅年，壬子月，己未日 | R2: 己
A3: 2023-01-02 | B3: -4 | C3: -5 | D3: 1 | E3: 2 | F3: 1 | G3: 0 | H3: -5 | I3: 2 | J3: 2 | K3: 1 | L3: -4 | M3: -1 | N3: 1 | O3: 5 | P3: 0 | Q3: 壬寅年，壬子月，庚申日 | R3: 庚
A4: 2023-01-03 | B4: -4 | C4: -3 | D4: -2 | E4: 3 | F4: -6 | G4: -3 | H4: -7 | I4: 1 | J4: -7 | K4: 8 | L4: 7.5 | M4: -4 | N4: 0.5 | O4: 6 | P4: 0 | Q4: 壬寅年，壬子月，辛酉日 | R4: 辛
A5: 2023-01-04 | B5: 2 | C5: -1 | D5: 6 | E5: 3 | F5: -1 | G5: 4 | H5: -3 | I5: 2 | J5: 0 | K5: -1 | L5: 1 | M5: 4 | N5: 2 | O5: 0 | P5: 1 | Q5: 壬寅年，壬子月，壬戌日 | R5: 壬
A6: 2023-01-05 | B6: -1 | C6: 0 | D6: -1 | E6: 0 | F6: -1 | G6: -5.5 | H6: 0 | I6: 1 | J6: 5 | K6: 2 | L6: 5 | M6: 5 | N6: 3 | O6: -1 | P6: 1 | Q6: 壬寅年，癸丑月，癸亥日 | R6: 癸
A7: 2023-01-06 | B7: -8 | C7: 1 | D7: -8 | E7: 5 | F7: 4 | G7: -4.5 | H7: 1 | I7: -1 | J7: -5 | K7: -1 | L7: 3 | M7: -1.5 | N7: -1 | O7: 6.5 | P7: 1 | Q7: 壬寅年，癸丑月，甲子日 | R7: 戊
A8: 2023-01-07 | B8: 3 | C8: 4 | D8: 3 | E8: 3 | F8: 6 | G8: -4 | H8: 3 | I8: 4.5 | J8: 0 | K8: 2 | L8: 0 | M8: 4 | N8: 8 | O8: 5 | P8: 1 | Q8: 壬寅年，癸丑月，乙丑日 | R8: 乙
A9: 2023-01-08 | B9: -3 | C9: -1 | D9: 6 | E9: 2 | F9: -3 | G9: 8 | H9: 3 | I9: 0 | J9: -7 | K9: 1 | L9: -1 | M9: -7 | N9: -4 | O9: 2 | P9: 1 | Q9: 壬寅年，癸丑月，丙寅日 | R9: 丙
A10: 2023-01-09 | B10: -5.5 | C10: 0 | D10: 1 | E10: -1 | F10: 4 | G10: -5.5 | H10: -1 | I10: -0.5 | J10: -5 | K10: 0 | L10: 0 | M10: -3.5 | N10: 3 | O10: 3 | P10: 0 | Q10: 壬寅年，癸丑月，丁卯日 | R10: 丁
A11: 2023-01-10 | B11: 4 | C11: 2 | D11: -7.5 | E11: 0 | F11: -3 | G11: -1 | H11: 4 | I11: 0 | J11: 2 | K11: 3 | L11: 3 | M11: 0 | N11: 0 | O11: -3 | P11: 0 | Q11: 壬寅年，癸丑月，戊辰日 | R11: 戊
A12: 2023-01-11 | B12: 2 | C12: 2 | D12: -12 | E12: -3 | F12: 3 | G12: -7.5 | H12: 1 | I12: 2 | J12: -1.5 | K12: 3 | L12: -4 | M12: -9 | N12: -9 | O12: 2 | P12: 0 | Q12: 壬寅年，癸丑月，己巳日 | R12: 己
A13: 2023-01-12 | B13: 0 | C13: 2 | D13: 0 | E13: 2 | F13: -1 | G13: -4 | H13: 2 | I13: -0.5 | J13: 0 | K13: -1 | L13: 2 | M13: 0 | N13: 2 | O13: -3 | P13: 1 | Q13: 壬寅年，癸丑月，庚午日 | R13: 庚
... A378: 2024-01-12 | B378: -3 | C378: -8 | D378: -8 | E378: 1 | F378: 2 | G378: -5 | H378: -2 | I378: -1 | J378: 0 | K378: -9 | L378: -3 | M378: -5 | N378: 2 | O378: -1 | P378: 1 | Q378: 癸卯年，乙丑月，乙亥日 | R378: 乙

Sheet 澳门换算01
A1: 日期 | B1: 双支 | C1: 双干 | D1: 子时 | E1: 丑时 | F1: 寅时 | G1: 卯时 | H1: 辰时 | I1: 巳时 | J1: 午时 | K1: 未时 | L1: 申时 | M1: 酉时 | N1: 戌时 | O1: 亥时
A2: 2023-01-01 | B2: =IF(澳门新定位结果!B2<=0,0,1) -> 0 | C2: =IF(澳门新定位结果!C2<=0,0,1) -> 0 | D2: =IF(澳门新定位结果!D2<=0,0,1) -> 0 | E2: =IF(澳门新定位结果!E2<=0,0,1) -> 1 | F2: =IF(澳门新定位结果!F2<=0,0,1) -> 1 | G2: =IF(澳门新定位结果!G2<=0,0,1) -> 0 | H2: =IF(澳门新定位结果!H2<=0,0,1) -> 0 | I2: =IF(澳门新定位结果!I2<=0,0,1) -> 0 | ... O2: =IF(澳门新定位结果!O2<=0,0,1) -> 0
A3: 2023-01-02 | B3: =IF(澳门新定位结果!B3<=0,0,1) -> 0 | C3: =IF(澳门新定位结果!C3<=0,0,1) -> 0 | D3: =IF(澳门新定位结果!D3<=0,0,1) -> 1 | E3: =IF(澳门新定位结果!E3<=0,0,1) -> 1 | F3: =IF(澳门新定位结果!F3<=0,0,1) -> 1 | G3: =IF(澳门新定位结果!G3<=0,0,1) -> 0 | H3: =IF(澳门新定位结果!H3<=0,0,1) -> 0 | I3: =IF(澳门新定位结果!I3<=0,0,1) -> 1 | ... O3: =IF(澳门新定位结果!O3<=0,0,1) -> 1
A4: 2023-01-03 | B4: =IF(澳门新定位结果!B4<=0,0,1) -> 0 | C4: =IF(澳门新定位结果!C4<=0,0,1) -> 0 | D4: =IF(澳门新定位结果!D4<=0,0,1) -> 0 | E4: =IF(澳门新定位结果!E4<=0,0,1) -> 1 | F4: =IF(澳门新定位结果!F4<=0,0,1) -> 0 | G4: =IF(澳门新定位结果!G4<=0,0,1) -> 0 | H4: =IF(澳门新定位结果!H4<=0,0,1) -> 0 | I4: =IF(澳门新定位结果!I4<=0,0,1) -> 1 | ... O4: =IF(澳门新定位结果!O4<=0,0,1) -> 1
A5: 2023-01-04 | B5: =IF(澳门新定位结果!B5<=0,0,1) -> 1 | C5: =IF(澳门新定位结果!C5<=0,0,1) -> 0 | D5: =IF(澳门新定位结果!D5<=0,0,1) -> 1 | E5: =IF(澳门新定位结果!E5<=0,0,1) -> 1 | F5: =IF(澳门新定位结果!F5<=0,0,1) -> 0 | G5: =IF(澳门新定位结果!G5<=0,0,1) -> 1 | H5: =IF(澳门新定位结果!H5<=0,0,1) -> 0 | I5: =IF(澳门新定位结果!I5<=0,0,1) -> 1 | ... O5: =IF(澳门新定位结果!O5<=0,0,1) -> 0
A6: 2023-01-05 | B6: =IF(澳门新定位结果!B6<=0,0,1) -> 0 | C6: =IF(澳门新定位结果!C6<=0,0,1) -> 0 | D6: =IF(澳门新定位结果!D6<=0,0,1) -> 0 | E6: =IF(澳门新定位结果!E6<=0,0,1) -> 0 | F6: =IF(澳门新定位结果!F6<=0,0,1) -> 0 | G6: =IF(澳门新定位结果!G6<=0,0,1) -> 0 | H6: =IF(澳门新定位结果!H6<=0,0,1) -> 0 | I6: =IF(澳门新定位结果!I6<=0,0,1) -> 1 | ... O6: =IF(澳门新定位结果!O6<=0,0,1) -> 0
A7: 2023-01-06 | B7: =IF(澳门新定位结果!B7<=0,0,1) -> 0 | C7: =IF(澳门新定位结果!C7<=0,0,1) -> 1 | D7: =IF(澳门新定位结果!D7<=0,0,1) -> 0 | E7: =IF(澳门新定位结果!E7<=0,0,1) -> 1 | F7: =IF(澳门新定位结果!F7<=0,0,1) -> 1 | G7: =IF(澳门新定位结果!G7<=0,0,1) -> 0 | H7: =IF(澳门新定位结果!H7<=0,0,1) -> 1 | I7: =IF(澳门新定位结果!I7<=0,0,1) -> 0 | ... O7: =IF(澳门新定位结果!O7<=0,0,1) -> 1
A8: 2023-01-07 | B8: =IF(澳门新定位结果!B8<=0,0,1) -> 1 | C8: =IF(澳门新定位结果!C8<=0,0,1) -> 1 | D8: =IF(澳门新定位结果!D8<=0,0,1) -> 1 | E8: =IF(澳门新定位结果!E8<=0,0,1) -> 1 | F8: =IF(澳门新定位结果!F8<=0,0,1) -> 1 | G8: =IF(澳门新定位结果!G8<=0,0,1) -> 0 | H8: =IF(澳门新定位结果!H8<=0,0,1) -> 1 | I8: =IF(澳门新定位结果!I8<=0,0,1) -> 1 | ... O8: =IF(澳门新定位结果!O8<=0,0,1) -> 1
A9: 2023-01-08 | B9: =IF(澳门新定位结果!B9<=0,0,1) -> 0 | C9: =IF(澳门新定位结果!C9<=0,0,1) -> 0 | D9: =IF(澳门新定位结果!D9<=0,0,1) -> 1 | E9: =IF(澳门新定位结果!E9<=0,0,1) -> 1 | F9: =IF(澳门新定位结果!F9<=0,0,1) -> 0 | G9: =IF(澳门新定位结果!G9<=0,0,1) -> 1 | H9: =IF(澳门新定位结果!H9<=0,0,1) -> 1 | I9: =IF(澳门新定位结果!I9<=0,0,1) -> 0 | ... O9: =IF(澳门新定位结果!O9<=0,0,1) -> 1
A10: 2023-01-09 | B10: =IF(澳门新定位结果!B10<=0,0,1) -> 0 | C10: =IF(澳门新定位结果!C10<=0,0,1) -> 0 | D10: =IF(澳门新定位结果!D10<=0,0,1) -> 1 | E10: =IF(澳门新定位结果!E10<=0,0,1) -> 0 | F10: =IF(澳门新定位结果!F10<=0,0,1) -> 1 | G10: =IF(澳门新定位结果!G10<=0,0,1) -> 0 | H10: =IF(澳门新定位结果!H10<=0,0,1) -> 0 | I10: =IF(澳门新定位结果!I10<=0,0,1) -> 0 | ... O10: =IF(澳门新定位结果!O10<=0,0,1) -> 1
A11: 2023-01-10 | B11: =IF(澳门新定位结果!B11<=0,0,1) -> 1 | C11: =IF(澳门新定位结果!C11<=0,0,1) -> 1 | D11: =IF(澳门新定位结果!D11<=0,0,1) -> 0 | E11: =IF(澳门新定位结果!E11<=0,0,1) -> 0 | F11: =IF(澳门新定位结果!F11<=0,0,1) -> 0 | G11: =IF(澳门新定位结果!G11<=0,0,1) -> 0 | H11: =IF(澳门新定位结果!H11<=0,0,1) -> 1 | I11: =IF(澳门新定位结果!I11<=0,0,1) -> 0 | ... O11: =IF(澳门新定位结果!O11<=0,0,1) -> 0
A12: 2023-01-11 | B12: =IF(澳门新定位结果!B12<=0,0,1) -> 1 | C12: =IF(澳门新定位结果!C12<=0,0,1) -> 1 | D12: =IF(澳门新定位结果!D12<=0,0,1) -> 0 | E12: =IF(澳门新定位结果!E12<=0,0,1) -> 0 | F12: =IF(澳门新定位结果!F12<=0,0,1) -> 1 | G12: =IF(澳门新定位结果!G12<=0,0,1) -> 0 | H12: =IF(澳门新定位结果!H12<=0,0,1) -> 1 | I12: =IF(澳门新定位结果!I12<=0,0,1) -> 1 | ... O12: =IF(澳门新定位结果!O12<=0,0,1) -> 1
A13: 2023-01-12 | B13: =IF(澳门新定位结果!B13<=0,0,1) -> 0 | C13: =IF(澳门新定位结果!C13<=0,0,1) -> 1 | D13: =IF(澳门新定位结果!D13<=0,0,1) -> 0 | E13: =IF(澳门新定位结果!E13<=0,0,1) -> 1 | F13: =IF(澳门新定位结果!F13<=0,0,1) -> 0 | G13: =IF(澳门新定位结果!G13<=0,0,1) -> 0 | H13: =IF(澳门新定位结果!H13<=0,0,1) -> 1 | I13: =IF(澳门新定位结果!I13<=0,0,1) -> 0 | ... O13: =IF(澳门新定位结果!O13<=0,0,1) -> 0
... A378: 2024-01-12 | B378: =IF(澳门新定位结果!B378<=0,0,1) -> 0 | C378: =IF(澳门新定位结果!C378<=0,0,1) -> 0 | D378: =IF(澳门新定位结果!D378<=0,0,1) -> 0 | E378: =IF(澳门新定位结果!E378<=0,0,1) -> 1 | F378: =IF(澳门新定位结果!F378<=0,0,1) -> 1 | G378: =IF(澳门新定位结果!G378<=0,0,1) -> 0 | H378: =IF(澳门新定位结果!H378<=0,0,1) -> 0 | I378: =IF(澳门新定位结果!I378<=0,0,1) -> 0 | ... O378: =IF(澳门新定位结果!O378<=0,0,1) -> 0

Sheet 澳门误差分析
A1: 正确率 | B1: =(COUNTIF(B3:B379,"=0")+COUNTIF(B3:B379,"=2"))/(379-3+1) -> 0.46153846 | C1: =(COUNTIF(C3:C379,"=0")+COUNTIF(C3:C379,"=2"))/(379-3+1) -> 0.51724138 | D1: =(COUNTIF(D3:D379,"=0")+COUNTIF(D3:D379,"=2"))/(379-3+1) -> 0.52254642 | E1: =(COUNTIF(E3:E379,"=0")+COUNTIF(E3:E379,"=2"))/(379-3+1) -> 0.49602122 | F1: =(COUNTIF(F3:F379,"=0")+COUNTIF(F3:F379,"=2"))/(379-3+1) -> 0.47745358 | G1: =(COUNTIF(G3:G379,"=0")+COUNTIF(G3:G379,"=2"))/(379-3+1) -> 0.51193634 | H1: =(COUNTIF(H3:H379,"=0")+COUNTIF(H3:H379,"=2"))/(379-3+1) -> 0.50397878 | I1: =(COUNTIF(I3:I379,"=0")+COUNTIF(I3:I379,"=2"))/(379-3+1) -> 0.50397878 | ... O1: =(COUNTIF(O3:O379,"=0")+COUNTIF(O3:O379,"=2"))/(379-3+1) -> 0.49602122
A2: 日期 | B2: 双支误差 | C2: 双干误差 | D2: 子时误差 | E2: 丑时误差 | F2: 寅时误差 | G2: 卯时误差 | H2: 辰时误差 | I2: 巳时误差 | J2: 午时误差 | K2: 未时误差 | L2: 申时误差 | M2: 酉时误差 | N2: 戌时误差 | O2: 亥时误差
A3: 2023-01-01 | B3: =澳门换算01!B2+澳门新定位结果!$P2 -> 1 | C3: =澳门换算01!C2+澳门新定位结果!$P2 -> 1 | D3: =澳门换算01!D2+澳门新定位结果!$P2 -> 1 | E3: =澳门换算01!E2+澳门新定位结果!$P2 -> 2 | F3: =澳门换算01!F2+澳门新定位结果!$P2 -> 2 | G3: =澳门换算01!G2+澳门新定位结果!$P2 -> 1 | H3: =澳门换算01!H2+澳门新定位结果!$P2 -> 1 | I3: =澳门换算01!I2+澳门新定位结果!$P2 -> 1 | ... O3: =澳门换算01!O2+澳门新定位结果!$P2 -> 1
A4: 2023-01-02 | B4: =澳门换算01!B3+澳门新定位结果!$P3 -> 0 | C4: =澳门换算01!C3+澳门新定位结果!$P3 -> 0 | D4: =澳门换算01!D3+澳门新定位结果!$P3 -> 1 | E4: =澳门换算01!E3+澳门新定位结果!$P3 -> 1 | F4: =澳门换算01!F3+澳门新定位结果!$P3 -> 1 | G4: =澳门换算01!G3+澳门新定位结果!$P3 -> 0 | H4: =澳门换算01!H3+澳门新定位结果!$P3 -> 0 | I4: =澳门换算01!I3+澳门新定位结果!$P3 -> 1 | ... O4: =澳门换算01!O3+澳门新定位结果!$P3 -> 1
A5: 2023-01-03 | B5: =澳门换算01!B4+澳门新定位结果!$P4 -> 0 | C5: =澳门换算01!C4+澳门新定位结果!$P4 -> 0 | D5: =澳门换算01!D4+澳门新定位结果!$P4 -> 0 | E5: =澳门换算01!E4+澳门新定位结果!$P4 -> 1 | F5: =澳门换算01!F4+澳门新定位结果!$P4 -> 0 | G5: =澳门换算01!G4+澳门新定位结果!$P4 -> 0 | H5: =澳门换算01!H4+澳门新定位结果!$P4 -> 0 | I5: =澳门换算01!I4+澳门新定位结果!$P4 -> 1 | ... O5: =澳门换算01!O4+澳门新定位结果!$P4 -> 1
A6: 2023-01-04 | B6: =澳门换算01!B5+澳门新定位结果!$P5 -> 2 | C6: =澳门换算01!C5+澳门新定位结果!$P5 -> 1 | D6: =澳门换算01!D5+澳门新定位结果!$P5 -> 2 | E6: =澳门换算01!E5+澳门新定位结果!$P5 -> 2 | F6: =澳门换算01!F5+澳门新定位结果!$P5 -> 1 | G6: =澳门换算01!G5+澳门新定位结果!$P5 -> 2 | H6: =澳门换算01!H5+澳门新定位结果!$P5 -> 1 | I6: =澳门换算01!I5+澳门新定位结果!$P5 -> 2 | ... O6: =澳门换算01!O5+澳门新定位结果!$P5 -> 1
A7: 2023-01-05 | B7: =澳门换算01!B6+澳门新定位结果!$P6 -> 1 | C7: =澳门换算01!C6+澳门新定位结果!$P6 -> 1 | D7: =澳门换算01!D6+澳门新定位结果!$P6 -> 1 | E7: =澳门换算01!E6+澳门新定位结果!$P6 -> 1 | F7: =澳门换算01!F6+澳门新定位结果!$P6 -> 1 | G7: =澳门换算01!G6+澳门新定位结果!$P6 -> 1 | H7: =澳门换算01!H6+澳门新定位结果!$P6 -> 1 | I7: =澳门换算01!I6+澳门新定位结果!$P6 -> 2 | ... O7: =澳门换算01!O6+澳门新定位结果!$P6 -> 1
A8: 2023-01-06 | B8: =澳门换算01!B7+澳门新定位结果!$P7 -> 1 | C8: =澳门换算01!C7+澳门新定位结果!$P7 -> 2 | D8: =澳门换算01!D7+澳门新定位结果!$P7 -> 1 | E8: =澳门换算01!E7+澳门新定位结果!$P7 -> 2 | F8: =澳门换算01!F7+澳门新定位结果!$P7 -> 2 | G8: =澳门换算01!G7+澳门新定位结果!$P7 -> 1 | H8: =澳门换算01!H7+澳门新定位结果!$P7 -> 2 | I8: =澳门换算01!I7+澳门新定位结果!$P7 -> 1 | ... O8: =澳门换算01!O7+澳门新定位结果!$P7 -> 2
A9: 2023-01-07 | B9: =澳门换算01!B8+澳门新定位结果!$P8 -> 2 | C9: =澳门换算01!C8+澳门新定位结果!$P8 -> 2 | D9: =澳门换算01!D8+澳门新定位结果!$P8 -> 2 | E9: =澳门换算01!E8+澳门新定位结果!$P8 -> 2 | F9: =澳门换算01!F8+澳门新定位结果!$P8 -> 2 | G9: =澳门换算01!G8+澳门新定位结果!$P8 -> 1 | H9: =澳门换算01!H8+澳门新定位结果!$P8 -> 2 | I9: =澳门换算01!I8+澳门新定位结果!$P8 -> 2 | ... O9: =澳门换算01!O8+澳门新定位结果!$P8 -> 2
A10: 2023-01-08 | B10: =澳门换算01!B9+澳门新定位结果!$P9 -> 1 | C10: =澳门换算01!C9+澳门新定位结果!$P9 -> 1 | D10: =澳门换算01!D9+澳门新定位结果!$P9 -> 2 | E10: =澳门换算01!E9+澳门新定位结果!$P9 -> 2 | F10: =澳门换算01!F9+澳门新定位结果!$P9 -> 1 | G10: =澳门换算01!G9+澳门新定位结果!$P9 -> 2 | H10: =澳门换算01!H9+澳门新定位结果!$P9 -> 2 | I10: =澳门换算01!I9+澳门新定位结果!$P9 -> 1 | ... O10: =澳门换算01!O9+澳门新定位结果!$P9 -> 2
A11: 2023-01-09 | B11: =澳门换算01!B10+澳门新定位结果!$P10 -> 0 | C11: =澳门换算01!C10+澳门新定位结果!$P10 -> 0 | D11: =澳门换算01!D10+澳门新定位结果!$P10 -> 1 | E11: =澳门换算01!E10+澳门新定位结果!$P10 -> 0 | F11: =澳门换算01!F10+澳门新定位结果!$P10 -> 1 | G11: =澳门换算01!G10+澳门新定位结果!$P10 -> 0 | H11: =澳门换算01!H10+澳门新定位结果!$P10 -> 0 | I11: =澳门换算01!I10+澳门新定位结果!$P10 -> 0 | ... O11: =澳门换算01!O10+澳门新定位结果!$P10 -> 1
A12: 2023-01-10 | B12: =澳门换算01!B11+澳门新定位结果!$P11 -> 1 | C12: =澳门换算01!C11+澳门新定位结果!$P11 -> 1 | D12: =澳门换算01!D11+澳门新定位结果!$P11 -> 0 | E12: =澳门换算01!E11+澳门新定位结果!$P11 -> 0 | F12: =澳门换算01!F11+澳门新定位结果!$P11 -> 0 | G12: =澳门换算01!G11+澳门新定位结果!$P11 -> 0 | H12: =澳门换算01!H11+澳门新定位结果!$P11 -> 1 | I12: =澳门换算01!I11+澳门新定位结果!$P11 -> 0 | ... O12: =澳门换算01!O11+澳门新定位结果!$P11 -> 0
A13: 2023-01-11 | B13: =澳门换算01!B12+澳门新定位结果!$P12 -> 1 | C13: =澳门换算01!C12+澳门新定位结果!$P12 -> 1 | D13: =澳门换算01!D12+澳门新定位结果!$P12 -> 0 | E13: =澳门换算01!E12+澳门新定位结果!$P12 -> 0 | F13: =澳门换算01!F12+澳门新定位结果!$P12 -> 1 | G13: =澳门换算01!G12+澳门新定位结果!$P12 -> 0 | H13: =澳门换算01!H12+澳门新定位结果!$P12 -> 1 | I13: =澳门换算01!I12+澳门新定位结果!$P12 -> 1 | ... O13: =澳门换算01!O12+澳门新定位结果!$P12 -> 1
A14: 2023-01-12 | B14: =澳门换算01!B13+澳门新定位结果!$P13 -> 1 | C14: =澳门换算01!C13+澳门新定位结果!$P13 -> 2 | D14: =澳门换算01!D13+澳门新定位结果!$P13 -> 1 | E14: =澳门换算01!E13+澳门新定位结果!$P13 -> 2 | F14: =澳门换算01!F13+澳门新定位结果!$P13 -> 1 | G14: =澳门换算01!G13+澳门新定位结果!$P13 -> 1 | H14: =澳门换算01!H13+澳门新定位结果!$P13 -> 2 | I14: =澳门换算01!I13+澳门新定位结果!$P13 -> 1 | ... O14: =澳门换算01!O13+澳门新定位结果!$P13 -> 1
... A379: 2024-01-12 | B379: =澳门换算01!B378+澳门新定位结果!$P378 -> 1 | C379: =澳门换算01!C378+澳门新定位结果!$P378 -> 1 | D379: =澳门换算01!D378+澳门新定位结果!$P378 -> 1 | E379: =澳门换算01!E378+澳门新定位结果!$P378 -> 2 | F379: =澳门换算01!F378+澳门新定位结果!$P378 -> 2 | G379: =澳门换算01!G378+澳门新定位结果!$P378 -> 1 | H379: =澳门换算01!H378+澳门新定位结果!$P378 -> 1 | I379: =澳门换算01!I378+澳门新定位结果!$P378 -> 1 | ... O379: =澳门换算01!O378+澳门新定位结果!$P378 -> 1

Sheet 香港新定位结果
A1: 日期 | B1: 双支 | C1: 双干 | D1: 子时 | E1: 丑时 | F1: 寅时 | G1: 卯时 | H1: 辰时 | I1: 巳时 | J1: 午时 | K1: 未时 | L1: 申时 | M1: 酉时 | N1: 戌时 | O1: 亥时 | P1: 数串 | Q1: 干支历 | R1: SG双干
A2: 2023-01-03 | B2: -4 | C2: -3 | D2: -2 | E2: 3 | F2: -6 | G2: -3 | H2: -7 | I2: 1 | J2: -7 | K2: 8 | L2: 7.5 | M2: -4 | N2: 0.5 | O2: 6 | P2: 1 | Q2: 壬寅年，壬子月，辛酉日 | R2: 辛
A3: 2023-01-05 | B3: -1 | C3: 0 | D3: -1 | E3: 0 | F3: -1 | G3: -5.5 | H3: 0 | I3: 1 | J3: 5 | K3: 2 | L3: 5 | M3: 5 | N3: 3 | O3: -1 | P3: 0 | Q3: 壬寅年，癸丑月，癸亥日 | R3: 癸
A4: 2023-01-07 | B4: 3 | C4: 4 | D4: 3 | E4: 3 | F4: 6 | G4: -4 | H4: 3 | I4: 4.5 | J4: 0 | K4: 2 | L4: 0 | M4: 4 | N4: 8 | O4: 5 | P4: 1 | Q4: 壬寅年，癸丑月，乙丑日 | R4: 乙
A5: 2023-01-10 | B5: 4 | C5: 2 | D5: -7.5 | E5: 0 | F5: -3 | G5: -1 | H5: 4 | I5: 0 | J5: 2 | K5: 3 | L5: 3 | M5: 0 | N5: 0 | O5: -3 | P5: 1 | Q5: 壬寅年，癸丑月，戊辰日 | R5: 戊
A6: 2023-01-12 | B6: 0 | C6: 2 | D6: 0 | E6: 2 | F6: -1 | G6: -4 | H6: 2 | I6: -0.5 | J6: 0 | K6: -1 | L6: 2 | M6: 0 | N6: 2 | O6: -3 | P6: 0 | Q6: 壬寅年，癸丑月，庚午日 | R6: 庚
A7: 2023-01-14 | B7: -1 | C7: 3 | D7: -3 | E7: -7 | F7: 3 | G7: -5 | H7: -1 | I7: -1 | J7: -1 | K7: 3 | L7: -1 | M7: -1 | N7: 1 | O7: 3 | P7: 1 | Q7: 壬寅年，癸丑月，壬申日 | R7: 壬
A8: 2023-01-17 | B8: -1 | C8: -5 | D8: -8 | E8: 3 | F8: 2 | G8: -5 | H8: -2 | I8: -1 | J8: 0 | K8: -9 | L8: -3 | M8: -5 | N8: 2 | O8: -1 | P8: 0 | Q8: 壬寅年，癸丑月，乙亥日 | R8: 乙
A9: 2023-01-19 | B9: -8 | C9: 3 | D9: 1 | E9: -8 | F9: 0 | G9: 0 | H9: -2 | I9: 2 | J9: -6 | K9: 3 | L9: -5 | M9: -9.5 | N9: -1.5 | O9: 0 | P9: 1 | Q9: 壬寅年，癸丑月，丁丑日 | R9: 丁
A10: 2023-01-26 | B10: -4 | C10: 1 | D10: -7 | E10: 3 | F10: 2 | G10: 0 | H10: 1 | I10: 9 | J10: 1 | K10: -1 | L10: -4 | M10: 5 | N10: 0 | O10: 5.5 | P10: 1 | Q10: 壬寅年，癸丑月，甲申日 | R10: 庚
A11: 2023-01-28 | B11: -3 | C11: 7 | D11: -6 | E11: -3 | F11: -5 | G11: -2 | H11: -2 | I11: 0 | J11: -1 | K11: 4 | L11: 7 | M11: 3 | N11: -3 | O11: 6 | P11: 0 | Q11: 壬寅年，癸丑月，丙戌日 | R11: 丙
A12: 2023-02-02 | B12: -8 | C12: -8 | D12: -3 | E12: -4 | F12: -2.5 | G12: -8 | H12: -11 | I12: -0.5 | J12: -4 | K12: 2 | L12: 0 | M12: -2 | N12: 7 | O12: -3 | P12: 0 | Q12: 壬寅年，癸丑月，辛卯日 | R12: 辛
A13: 2023-02-04 | B13: 9 | C13: -2 | D13: 1.5 | E13: -2 | F13: -5 | G13: 1 | H13: 3 | I13: 9 | J13: 3 | K13: -2 | L13: 0 | M13: 2 | N13: -4 | O13: -5 | P13: 0 | Q13: 癸卯年，甲寅月，癸巳日 | R13: 癸
... A151: 2024-01-11 | B151: -4 | C151: 4 | D151: -7.5 | E151: -6 | F151: -5 | G151: -8 | H151: -1 | I151: 4 | J151: 1 | K151: 3 | L151: 2 | M151: -1.5 | N151: -4 | O151: 7 | P151: 0 | Q151: 癸卯年，乙丑月，甲戌日 | R151: 己

Sheet 香港换算01
A1: 日期 | B1: 双支 | C1: 双干 | D1: 子时 | E1: 丑时 | F1: 寅时 | G1: 卯时 | H1: 辰时 | I1: 巳时 | J1: 午时 | K1: 未时 | L1: 申时 | M1: 酉时 | N1: 戌时 | O1: 亥时
A2: 2023-01-03 | B2: =IF(香港新定位结果!B2<=0,0,1) -> 0 | C2: =IF(香港新定位结果!C2<=0,0,1) -> 0 | D2: =IF(香港新定位结果!D2<=0,0,1) -> 0 | E2: =IF(香港新定位结果!E2<=0,0,1) -> 1 | F2: =IF(香港新定位结果!F2<=0,0,1) -> 0 | G2: =IF(香港新定位结果!G2<=0,0,1) -> 0 | H2: =IF(香港新定位结果!H2<=0,0,1) -> 0 | I2: =IF(香港新定位结果!I2<=0,0,1) -> 1 | ... O2: =IF(香港新定位结果!O2<=0,0,1) -> 1
A3: 2023-01-05 | B3: =IF(香港新定位结果!B3<=0,0,1) -> 0 | C3: =IF(香港新定位结果!C3<=0,0,1) -> 0 | D3: =IF(香港新定位结果!D3<=0,0,1) -> 0 | E3: =IF(香港新定位结果!E3<=0,0,1) -> 0 | F3: =IF(香港新定位结果!F3<=0,0,1) -> 0 | G3: =IF(香港新定位结果!G3<=0,0,1) -> 0 | H3: =IF(香港新定位结果!H3<=0,0,1) -> 0 | I3: =IF(香港新定位结果!I3<=0,0,1) -> 1 | ... O3: =IF(香港新定位结果!O3<=0,0,1) -> 0
A4: 2023-01-07 | B4: =IF(香港新定位结果!B4<=0,0,1) -> 1 | C4: =IF(香港新定位结果!C4<=0,0,1) -> 1 | D4: =IF(香港新定位结果!D4<=0,0,1) -> 1 | E4: =IF(香港新定位结果!E4<=0,0,1) -> 1 | F4: =IF(香港新定位结果!F4<=0,0,1) -> 1 | G4: =IF(香港新定位结果!G4<=0,0,1) -> 0 | H4: =IF(香港新定位结果!H4<=0,0,1) -> 1 | I4: =IF(香港新定位结果!I4<=0,0,1) -> 1 | ... O4: =IF(香港新定位结果!O4<=0,0,1) -> 1
A5: 2023-01-10 | B5: =IF(香港新定位结果!B5<=0,0,1) -> 1 | C5: =IF(香港新定位结果!C5<=0,0,1) -> 1 | D5: =IF(香港新定位结果!D5<=0,0,1) -> 0 | E5: =IF(香港新定位结果!E5<=0,0,1) -> 0 | F5: =IF(香港新定位结果!F5<=0,0,1) -> 0 | G5: =IF(香港新定位结果!G5<=0,0,1) -> 0 | H5: =IF(香港新定位结果!H5<=0,0,1) -> 1 | I5: =IF(香港新定位结果!I5<=0,0,1) -> 0 | ... O5: =IF(香港新定位结果!O5<=0,0,1) -> 0
A6: 2023-01-12 | B6: =IF(香港新定位结果!B6<=0,0,1) -> 0 | C6: =IF(香港新定位结果!C6<=0,0,1) -> 1 | D6: =IF(香港新定位结果!D6<=0,0,1) -> 0 | E6: =IF(香港新定位结果!E6<=0,0,1) -> 1 | F6: =IF(香港新定位结果!F6<=0,0,1) -> 0 | G6: =IF(香港新定位结果!G6<=0,0,1) -> 0 | H6: =IF(香港新定位结果!H6<=0,0,1) -> 1 | I6: =IF(香港新定位结果!I6<=0,0,1) -> 0 | ... O6: =IF(香港新定位结果!O6<=0,0,1) -> 0
A7: 2023-01-14 | B7: =IF(香港新定位结果!B7<=0,0,1) -> 0 | C7: =IF(香港新定位结果!C7<=0,0,1) -> 1 | D7: =IF(香港新定位结果!D7<=0,0,1) -> 0 | E7: =IF(香港新定位结果!E7<=0,0,1) -> 0 | F7: =IF(香港新定位结果!F7<=0,0,1) -> 1 | G7: =IF(香港新定位结果!G7<=0,0,1) -> 0 | H7: =IF(香港新定位结果!H7<=0,0,1) -> 0 | I7: =IF(香港新定位结果!I7<=0,0,1) -> 0 | ... O7: =IF(香港新定位结果!O7<=0,0,1) -> 1
A8: 2023-01-17 | B8: =IF(香港新定位结果!B8<=0,0,1) -> 0 | C8: =IF(香港新定位结果!C8<=0,0,1) -> 0 | D8: =IF(香港新定位结果!D8<=0,0,1) -> 0 | E8: =IF(香港新定位结果!E8<=0,0,1) -> 1 | F8: =IF(香港新定位结果!F8<=0,0,1) -> 1 | G8: =IF(香港新定位结果!G8<=0,0,1) -> 0 | H8: =IF(香港新定位结果!H8<=0,0,1) -> 0 | I8: =IF(香港新定位结果!I8<=0,0,1) -> 0 | ... O8: =IF(香港新定位结果!O8<=0,0,1) -> 0
A9: 2023-01-19 | B9: =IF(香港新定位结果!B9<=0,0,1) -> 0 | C9: =IF(香港新定位结果!C9<=0,0,1) -> 1 | D9: =IF(香港新定位结果!D9<=0,0,1) -> 1 | E9: =IF(香港新定位结果!E9<=0,0,1) -> 0 | F9: =IF(香港新定位结果!F9<=0,0,1) -> 0 | G9: =IF(香港新定位结果!G9<=0,0,1) -> 0 | H9: =IF(香港新定位结果!H9<=0,0,1) -> 0 | I9: =IF(香港新定位结果!I9<=0,0,1) -> 1 | ... O9: =IF(香港新定位结果!O9<=0,0,1) -> 0
A10: 2023-01-26 | B10: =IF(香港新定位结果!B10<=0,0,1) -> 0 | C10: =IF(香港新定位结果!C10<=0,0,1) -> 1 | D10: =IF(香港新定位结果!D10<=0,0,1) -> 0 | E10: =IF(香港新定位结果!E10<=0,0,1) -> 1 | F10: =IF(香港新定位结果!F10<=0,0,1) -> 1 | G10: =IF(香港新定位结果!G10<=0,0,1) -> 0 | H10: =IF(香港新定位结果!H10<=0,0,1) -> 1 | I10: =IF(香港新定位结果!I10<=0,0,1) -> 1 | ... O10: =IF(香港新定位结果!O10<=0,0,1) -> 1
A11: 2023-01-28 | B11: =IF(香港新定位结果!B11<=0,0,1) -> 0 | C11: =IF(香港新定位结果!C11<=0,0,1) -> 1 | D11: =IF(香港新定位结果!D11<=0,0,1) -> 0 | E11: =IF(香港新定位结果!E11<=0,0,1) -> 0 | F11: =IF(香港新定位结果!F11<=0,0,1) -> 0 | G11: =IF(香港新定位结果!G11<=0,0,1) -> 0 | H11: =IF(香港新定位结果!H11<=0,0,1) -> 0 | I11: =IF(香港新定位结果!I11<=0,0,1) -> 0 | ... O11: =IF(香港新定位结果!O11<=0,0,1) -> 1
A12: 2023-02-02 | B12: =IF(香港新定位结果!B12<=0,0,1) -> 0 | C12: =IF(香港新定位结果!C12<=0,0,1) -> 0 | D12: =IF(香港新定位结果!D12<=0,0,1) -> 0 | E12: =IF(香港新定位结果!E12<=0,0,1) -> 0 | F12: =IF(香港新定位结果!F12<=0,0,1) -> 0 | G12: =IF(香港新定位结果!G12<=0,0,1) -> 0 | H12: =IF(香港新定位结果!H12<=0,0,1) -> 0 | I12: =IF(香港新定位结果!I12<=0,0,1) -> 0 | ... O12: =IF(香港新定位结果!O12<=0,0,1) -> 0
A13: 2023-02-04 | B13: =IF(香港新定位结果!B13<=0,0,1) -> 1 | C13: =IF(香港新定位结果!C13<=0,0,1) -> 0 | D13: =IF(香港新定位结果!D13<=0,0,1) -> 1 | E13: =IF(香港新定位结果!E13<=0,0,1) -> 0 | F13: =IF(香港新定位结果!F13<=0,0,1) -> 0 | G13: =IF(香港新定位结果!G13<=0,0,1) -> 1 | H13: =IF(香港新定位结果!H13<=0,0,1) -> 1 | I13: =IF(香港新定位结果!I13<=0,0,1) -> 1 | ... O13: =IF(香港新定位结果!O13<=0,0,1) -> 0
... A151: 2024-01-11 | B151: =IF(香港新定位结果!B151<=0,0,1) -> 0 | C151: =IF(香港新定位结果!C151<=0,0,1) -> 1 | D151: =IF(香港新定位结果!D151<=0,0,1) -> 0 | E151: =IF(香港新定位结果!E151<=0,0,1) -> 0 | F151: =IF(香港新定位结果!F151<=0,0,1) -> 0 | G151: =IF(香港新定位结果!G151<=0,0,1) -> 0 | H151: =IF(香港新定位结果!H151<=0,0,1) -> 0 | I151: =IF(香港新定位结果!I151<=0,0,1) -> 1 | ... O151: =IF(香港新定位结果!O151<=0,0,1) -> 1

Sheet 香港误差分析
B1: =(COUNTIF(B3:B152,"=0")+COUNTIF(B3:B153,"=2"))/(152-3+1) -> 0.54 | C1: =(COUNTIF(C3:C152,"=0")+COUNTIF(C3:C153,"=2"))/(152-3+1) -> 0.52 | D1: =(COUNTIF(D3:D152,"=0")+COUNTIF(D3:D153,"=2"))/(152-3+1) -> 0.56666667 | E1: =(COUNTIF(E3:E152,"=0")+COUNTIF(E3:E153,"=2"))/(152-3+1) -> 0.54 | F1: =(COUNTIF(F3:F152,"=0")+COUNTIF(F3:F153,"=2"))/(152-3+1) -> 0.54 | G1: =(COUNTIF(G3:G152,"=0")+COUNTIF(G3:G153,"=2"))/(152-3+1) -> 0.5 | H1: =(COUNTIF(H3:H152,"=0")+COUNTIF(H3:H153,"=2"))/(152-3+1) -> 0.51333333 | I1: =(COUNTIF(I3:I152,"=0")+COUNTIF(I3:I153,"=2"))/(152-3+1) -> 0.5 | ... O1: =(COUNTIF(O3:O152,"=0")+COUNTIF(O3:O153,"=2"))/(152-3+1) -> 0.52
A2: 日期 | B2: 双支误差 | C2: 双干误差 | D2: 子时误差 | E2: 丑时误差 | F2: 寅时误差 | G2: 卯时误差 | H2: 辰时误差 | I2: 巳时误差 | J2: 午时误差 | K2: 未时误差 | L2: 申时误差 | M2: 酉时误差 | N2: 戌时误差 | O2: 亥时误差
A3: 2023-01-03 | B3: =香港换算01!B2+香港新定位结果!$P2 -> 1 | C3: =香港换算01!C2+香港新定位结果!$P2 -> 1 | D3: =香港换算01!D2+香港新定位结果!$P2 -> 1 | E3: =香港换算01!E2+香港新定位结果!$P2 -> 2 | F3: =香港换算01!F2+香港新定位结果!$P2 -> 1 | G3: =香港换算01!G2+香港新定位结果!$P2 -> 1 | H3: =香港换算01!H2+香港新定位结果!$P2 -> 1 | I3: =香港换算01!I2+香港新定位结果!$P2 -> 2 | ... O3: =香港换算01!O2+香港新定位结果!$P2 -> 2
A4: 2023-01-05 | B4: =香港换算01!B3+香港新定位结果!$P3 -> 0 | C4: =香港换算01!C3+香港新定位结果!$P3 -> 0 | D4: =香港换算01!D3+香港新定位结果!$P3 -> 0 | E4: =香港换算01!E3+香港新定位结果!$P3 -> 0 | F4: =香港换算01!F3+香港新定位结果!$P3 -> 0 | G4: =香港换算01!G3+香港新定位结果!$P3 -> 0 | H4: =香港换算01!H3+香港新定位结果!$P3 -> 0 | I4: =香港换算01!I3+香港新定位结果!$P3 -> 1 | ... O4: =香港换算01!O3+香港新定位结果!$P3 -> 0
A5: 2023-01-07 | B5: =香港换算01!B4+香港新定位结果!$P4 -> 2 | C5: =香港换算01!C4+香港新定位结果!$P4 -> 2 | D5: =香港换算01!D4+香港新定位结果!$P4 -> 2 | E5: =香港换算01!E4+香港新定位结果!$P4 -> 2 | F5: =香港换算01!F4+香港新定位结果!$P4 -> 2 | G5: =香港换算01!G4+香港新定位结果!$P4 -> 1 | H5: =香港换算01!H4+香港新定位结果!$P4 -> 2 | I5: =香港换算01!I4+香港新定位结果!$P4 -> 2 | ... O5: =香港换算01!O4+香港新定位结果!$P4 -> 2
A6: 2023-01-10 | B6: =香港换算01!B5+香港新定位结果!$P5 -> 2 | C6: =香港换算01!C5+香港新定位结果!$P5 -> 2 | D6: =香港换算01!D5+香港新定位结果!$P5 -> 1 | E6: =香港换算01!E5+香港新定位结果!$P5 -> 1 | F6: =香港换算01!F5+香港新定位结果!$P5 -> 1 | G6: =香港换算01!G5+香港新定位结果!$P5 -> 1 | H6: =香港换算01!H5+香港新定位结果!$P5 -> 2 | I6: =香港换算01!I5+香港新定位结果!$P5 -> 1 | ... O6: =香港换算01!O5+香港新定位结果!$P5 -> 1
A7: 2023-01-12 | B7: =香港换算01!B6+香港新定位结果!$P6 -> 0 | C7: =香港换算01!C6+香港新定位结果!$P6 -> 1 | D7: =香港换算01!D6+香港新定位结果!$P6 -> 0 | E7: =香港换算01!E6+香港新定位结果!$P6 -> 1 | F7: =香港换算01!F6+香港新定位结果!$P6 -> 0 | G7: =香港换算01!G6+香港新定位结果!$P6 -> 0 | H7: =香港换算01!H6+香港新定位结果!$P6 -> 1 | I7: =香港换算01!I6+香港新定位结果!$P6 -> 0 | ... O7: =香港换算01!O6+香港新定位结果!$P6 -> 0
A8: 2023-01-14 | B8: =香港换算01!B7+香港新定位结果!$P7 -> 1 | C8: =香港换算01!C7+香港新定位结果!$P7 -> 2 | D8: =香港换算01!D7+香港新定位结果!$P7 -> 1 | E8: =香港换算01!E7+香港新定位结果!$P7 -> 1 | F8: =香港换算01!F7+香港新定位结果!$P7 -> 2 | G8: =香港换算01!G7+香港新定位结果!$P7 -> 1 | H8: =香港换算01!H7+香港新定位结果!$P7 -> 1 | I8: =香港换算01!I7+香港新定位结果!$P7 -> 1 | ... O8: =香港换算01!O7+香港新定位结果!$P7 -> 2
A9: 2023-01-17 | B9: =香港换算01!B8+香港新定位结果!$P8 -> 0 | C9: =香港换算01!C8+香港新定位结果!$P8 -> 0 | D9: =香港换算01!D8+香港新定位结果!$P8 -> 0 | E9: =香港换算01!E8+香港新定位结果!$P8 -> 1 | F9: =香港换算01!F8+香港新定位结果!$P8 -> 1 | G9: =香港换算01!G8+香港新定位结果!$P8 -> 0 | H9: =香港换算01!H8+香港新定位结果!$P8 -> 0 | I9: =香港换算01!I8+香港新定位结果!$P8 -> 0 | ... O9: =香港换算01!O8+香港新定位结果!$P8 -> 0
A10: 2023-01-19 | B10: =香港换算01!B9+香港新定位结果!$P9 -> 1 | C10: =香港换算01!C9+香港新定位结果!$P9 -> 2 | D10: =香港换算01!D9+香港新定位结果!$P9 -> 2 | E10: =香港换算01!E9+香港新定位结果!$P9 -> 1 | F10: =香港换算01!F9+香港新定位结果!$P9 -> 1 | G10: =香港换算01!G9+香港新定位结果!$P9 -> 1 | H10: =香港换算01!H9+香港新定位结果!$P9 -> 1 | I10: =香港换算01!I9+香港新定位结果!$P9 -> 2 | ... O10: =香港换算01!O9+香港新定位结果!$P9 -> 1
A11: 2023-01-26 | B11: =香港换算01!B10+香港新定位结果!$P10 -> 1 | C11: =香港换算01!C10+香港新定位结果!$P10 -> 2 | D11: =香港换算01!D10+香港新定位结果!$P10 -> 1 | E11: =香港换算01!E10+香港新定位结果!$P10 -> 2 | F11: =香港换算01!F10+香港新定位结果!$P10 -> 2 | G11: =香港换算01!G10+香港新定位结果!$P10 -> 1 | H11: =香港换算01!H10+香港新定位结果!$P10 -> 2 | I11: =香港换算01!I10+香港新定位结果!$P10 -> 2 | ... O11: =香港换算01!O10+香港新定位结果!$P10 -> 2
A12: 2023-01-28 | B12: =香港换算01!B11+香港新定位结果!$P11 -> 0 | C12: =香港换算01!C11+香港新定位结果!$P11 -> 1 | D12: =香港换算01!D11+香港新定位结果!$P11 -> 0 | E12: =香港换算01!E11+香港新定位结果!$P11 -> 0 | F12: =香港换算01!F11+香港新定位结果!$P11 -> 0 | G12: =香港换算01!G11+香港新定位结果!$P11 -> 0 | H12: =香港换算01!H11+香港新定位结果!$P11 -> 0 | I12: =香港换算01!I11+香港新定位结果!$P11 -> 0 | ... O12: =香港换算01!O11+香港新定位结果!$P11 -> 1
A13: 2023-02-02 | B13: =香港换算01!B12+香港新定位结果!$P12 -> 0 | C13: =香港换算01!C12+香港新定位结果!$P12 -> 0 | D13: =香港换算01!D12+香港新定位结果!$P12 -> 0 | E13: =香港换算01!E12+香港新定位结果!$P12 -> 0 | F13: =香港换算01!F12+香港新定位结果!$P12 -> 0 | G13: =香港换算01!G12+香港新定位结果!$P12 -> 0 | H13: =香港换算01!H12+香港新定位结果!$P12 -> 0 | I13: =香港换算01!I12+香港新定位结果!$P12 -> 0 | ... O13: =香港换算01!O12+香港新定位结果!$P12 -> 0
A14: 2023-02-04 | B14: =香港换算01!B13+香港新定位结果!$P13 -> 1 | C14: =香港换算01!C13+香港新定位结果!$P13 -> 0 | D14: =香港换算01!D13+香港新定位结果!$P13 -> 1 | E14: =香港换算01!E13+香港新定位结果!$P13 -> 0 | F14: =香港换算01!F13+香港新定位结果!$P13 -> 0 | G14: =香港换算01!G13+香港新定位结果!$P13 -> 1 | H14: =香港换算01!H13+香港新定位结果!$P13 -> 1 | I14: =香港换算01!I13+香港新定位结果!$P13 -> 1 | ... O14: =香港换算01!O13+香港新定位结果!$P13 -> 0
... A152: 2024-01-11 | B152: =香港换算01!B151+香港新定位结果!$P151 -> 0 | C152: =香港换算01!C151+香港新定位结果!$P151 -> 1 | D152: =香港换算01!D151+香港新定位结果!$P151 -> 0 | E152: =香港换算01!E151+香港新定位结果!$P151 -> 0 | F152: =香港换算01!F151+香港新定位结果!$P151 -> 0 | G152: =香港换算01!G151+香港新定位结果!$P151 -> 0 | H152: =香港换算01!H151+香港新定位结果!$P151 -> 0 | I152: =香港换算01!I151+香港新定位结果!$P151 -> 1 | ... O152: =香港换算01!O151+香港新定位结果!$P151 -> 1
